{
    "0": {
        "HHH": 1.1431178863705316,
        "HHL": 1.1623376623376622,
        "HLH": 1.1322739864615492,
        "HLL": 1.0952753235622972,
        "LHH": 1.1217948717948718,
        "LHL": 1.1217948717948718,
        "LLH": 1.088232027025995
    },
    "1": {
        "HHH": 1.1388272322487958,
        "HHL": 1.193678363418747,
        "HLH": 1.1489826542127932,
        "HLL": 1.1077274395070402,
        "LHH": 1.1496024608129776,
        "LHL": 1.1304013281935381,
        "LLH": 1.1182496664271693
    },
    "10": {
        "HHH": 1.1037168645749522,
        "HHL": 1.1323729423321385,
        "HLH": 1.0956521739130434,
        "HLL": 1.1029342161275615,
        "LHH": 1.1708573226065657,
        "LHL": 1.1599451205142173,
        "LLH": 1.0865202990301335
    },
    "11": {
        "HHH": 1.0535250162443146,
        "HHL": 1.1018518518518519,
        "HLH": 1.1591996981049124,
        "HLL": 1.1444542575212933,
        "LHH": 1.1363636363636362,
        "LHL": 1.1363636363636362,
        "LLH": 1.107473035439137
    },
    "12": {
        "HHH": 1.1160568720442288,
        "HHL": 1.1158530806634304,
        "HLH": 1.1650057883544607,
        "HLL": 1.1454321526606768,
        "LHH": 1.1142857142857143,
        "LHL": 1.143475289542817,
        "LLH": 1.1146331868354438
    },
    "13": {
        "HHH": 1.1407028228607823,
        "HHL": 1.126246665955543,
        "HLH": 1.1091653587874093,
        "HLL": 1.1144191522864872,
        "LHH": 1.1686892327128493,
        "LHL": 1.1302602777481476,
        "LLH": 1.1039213821176699
    },
    "14": {
        "HHH": 1.1886490807354118,
        "HHL": 1.1,
        "HLH": 1.0751398880895284,
        "HLL": 1.0808744308900704,
        "LHH": 1.1419748724234475,
        "LHL": 1.082083108839347,
        "LLH": 1.0924793465204137
    },
    "15": {
        "HHH": 1.1115256669542004,
        "HHL": 1.1132075471698113,
        "HLH": 1.1515328421031126,
        "HLL": 1.089802303055932,
        "LHH": 1.201934525844179,
        "LHL": 1.0823153093773525,
        "LLH": 1.086531874830038
    },
    "16": {
        "HHH": 1.0945945945945947,
        "HHL": 1.1650485436893203,
        "HLH": 1.1388888888888888,
        "HLL": 1.108652900688299,
        "LHH": 1.125,
        "LHL": 1.1462264150943398,
        "LLH": 1.0819444444444444
    },
    "17": {
        "HHH": 1.0944520081688223,
        "HHL": 1.1071956335431798,
        "HLH": 1.1346153846153846,
        "HLL": 1.1361205899450257,
        "LHH": 1.1666666666666665,
        "LHL": 1.176991150442478,
        "LLH": 1.1078780581215917
    },
    "18": {
        "HHH": 1.1378377947019704,
        "HHL": 1.1018010397348088,
        "HLH": 1.1565217391304348,
        "HLL": 1.1066093846629834,
        "LHH": 1.153061224489796,
        "LHL": 1.1602816038706218,
        "LLH": 1.1290328163023517
    },
    "19": {
        "HHH": 1.1239294190147247,
        "HHL": 1.1722904401623957,
        "HLH": 1.125,
        "HLL": 1.0899244160800237,
        "LHH": 1.0725806451612903,
        "LHL": 1.1548968775218027,
        "LLH": 1.1045454545454547
    },
    "2": {
        "HHH": 1.0757829545099211,
        "HHL": 1.1333915175959033,
        "HLH": 1.1289152269216545,
        "HLL": 1.1293116428395953,
        "LHH": 1.1323621197434095,
        "LHL": 1.1412142370034875,
        "LLH": 1.0907630436651305
    },
    "20": {
        "HHH": 1.1522920087366977,
        "HHL": 1.1230616035170662,
        "HLH": 1.161491599407515,
        "HLL": 1.1196406135807286,
        "LHH": 1.119965790460011,
        "LHL": 1.152591325572593,
        "LLH": 1.098006163143548
    },
    "21": {
        "HHH": 1.1181601903251388,
        "HHL": 1.1538461538461537,
        "HLH": 1.1406656840459612,
        "HLL": 1.1455696515573173,
        "LHH": 1.117117117117117,
        "LHL": 1.1017570637707124,
        "LLH": 1.092469929246655
    },
    "22": {
        "HHH": 1.136424838209958,
        "HHL": 1.1467765053350898,
        "HLH": 1.135135135135135,
        "HLL": 1.1580800915000506,
        "LHH": 1.1470588235294117,
        "LHL": 1.1470588235294117,
        "LLH": 1.1254331254331253
    },
    "23": {
        "HHH": 1.151510976044147,
        "HHL": 1.1210618042559632,
        "HLH": 1.0825688073394495,
        "HLL": 1.092225312020596,
        "LHH": 1.1431746481838783,
        "LHL": 1.151510976044147,
        "LLH": 1.0825688073394497
    },
    "3": {
        "HHH": 1.1498201488070385,
        "HHL": 1.1162590951864015,
        "HLH": 1.125,
        "HLL": 1.090264791058947,
        "LHH": 1.1326530612244898,
        "LHL": 1.1082382394263346,
        "LLH": 1.1588269021305195
    },
    "4": {
        "HHH": 1.1241355461830935,
        "HHL": 1.1332411190796203,
        "HLH": 1.137882751800138,
        "HLL": 1.1276508126537852,
        "LHH": 1.086618840154768,
        "LHL": 1.1146861396298176,
        "LLH": 1.1538209892087017
    },
    "5": {
        "HHH": 1.175050861976657,
        "HHL": 1.1251264464782214,
        "HLH": 1.1536626704660087,
        "HLL": 1.0951407778887892,
        "LHH": 1.1117892707998713,
        "LHL": 1.1379912196166613,
        "LLH": 1.1113585446292729
    },
    "6": {
        "HHH": 1.1628172856451098,
        "HHL": 1.1787864511011985,
        "HLH": 1.0730904617825163,
        "HLL": 1.167654328771751,
        "LHH": 1.1414709522729038,
        "LHL": 1.1385964072681383,
        "LLH": 1.1195862713215259
    },
    "7": {
        "HHH": 1.1106475300400533,
        "HHL": 1.088,
        "HLH": 1.1573033707865168,
        "HLL": 1.1104248675512312,
        "LHH": 1.1308411214953271,
        "LHL": 1.074957966738435,
        "LLH": 1.1413097189818577
    },
    "8": {
        "HHH": 1.138298319333048,
        "HHL": 1.125300140189603,
        "HLH": 1.0815756304346538,
        "HLL": 1.087160864680461,
        "LHH": 1.1418442254849885,
        "LHL": 1.108297822383505,
        "LLH": 1.110642382863808
    },
    "9": {
        "HHH": 1.1993557614739263,
        "HHL": 1.1640051390823356,
        "HLH": 1.1630889980157926,
        "HLL": 1.0934417192286243,
        "LHH": 1.1336537353418046,
        "LHL": 1.048323921749391,
        "LLH": 1.0720112234276078
    }
}